{"178.33.135.102":{"ip":"178.33.135.102","port":10555,"fee":0,"domain":["p2pool.maeh.org"],"stats":{"efficiency_if_miner_perfect":0.9377740303541315,"attempts_to_block":933142522,"warnings":[],"block_value":50,"miner_dead_hash_rates":{"Pn18tqfzFNPUcFjJRq1GRYdYDJjKTBNGpq":5787.848333333333,"PdsubsA64f27PPDaxePpyJzQpT9oKZAopK":1081.5766666666666},"peers":{"outgoing":3,"incoming":6},"efficiency":0.9189432265317594,"fee":0,"my_share_counts_in_last_hour":{"doa_stale_shares":1,"stale_shares":1,"orphan_stale_shares":0,"shares":8,"unstale_shares":7},"miner_hash_rates":{"Pn18tqfzFNPUcFjJRq1GRYdYDJjKTBNGpq":272783.1500000002,"PdsubsA64f27PPDaxePpyJzQpT9oKZAopK":68444.52999999994},"donation_proportion":0.01,"uptime":435266.25282382965,"my_stale_proportions_in_last_hour":{"orphan_stale":0,"stale":0.125,"dead_stale":0.125},"shares":{"total":593,"orphan":95,"dead":10},"version":"13.4-56-g38ef843-dirty","protocol_version":1300,"my_hash_rates_in_last_hour":{"note":"DEPRECATED","actual":317715.7796494056,"rewarded":310434.79303244007,"nonstale":278001.3071932299},"attempts_to_share":4411634},"geo":null},"107.161.164.223":{"ip":"107.161.164.223","port":11555,"fee":0,"stats":{"efficiency_if_miner_perfect":0.9681643877640459,"attempts_to_block":933142522,"warnings":[],"block_value":50,"miner_dead_hash_rates":{"PZQvCtZwVwLsunvXhmSxfEzDCi5XDUF53g":3086.6099999999997,"PoBaabN56x69rbbi5drganUc2ZhC7kcGKv":1416.3933333333334},"peers":{"outgoing":5,"incoming":4},"efficiency":0.9585480760802875,"fee":0,"my_share_counts_in_last_hour":{"doa_stale_shares":1,"stale_shares":1,"orphan_stale_shares":0,"shares":24,"unstale_shares":23},"miner_hash_rates":{"Pc2wDkBnq27U5W8cLHUvNj1vqoU9MkEqej":263033.0233333335,"PZQvCtZwVwLsunvXhmSxfEzDCi5XDUF53g":329513.35166666727,"PoBaabN56x69rbbi5drganUc2ZhC7kcGKv":391480.27166666737},"donation_proportion":0.01,"uptime":2163635.5550079346,"my_stale_proportions_in_last_hour":{"orphan_stale":0,"stale":0.041666666666666664,"dead_stale":0.041666666666666664},"shares":{"total":15212,"orphan":2023,"dead":131},"version":"13.4-54-gb19bc3c-dirty","protocol_version":1300,"my_hash_rates_in_last_hour":{"note":"DEPRECATED","actual":957566.2004292635,"rewarded":1024728.8297649272,"nonstale":917667.6087447109},"attempts_to_share":4411634},"geo":null},"95.85.57.10":{"ip":"95.85.57.10","port":10555,"fee":1,"stats":{"efficiency_if_miner_perfect":0.9403696601683179,"attempts_to_block":933142522,"warnings":[],"block_value":50,"miner_dead_hash_rates":{"Pc1yqaLd98DAAC8uQuMfrzKW3thbPELENp":45.81333333333333,"PmKacAk8rja1qWL8GV28FDT8RQocnkKN4F":420.3},"peers":{"outgoing":6,"incoming":3},"efficiency":0.9252618870068534,"fee":1,"my_share_counts_in_last_hour":{"doa_stale_shares":0,"stale_shares":3,"orphan_stale_shares":3,"shares":9,"unstale_shares":6},"miner_hash_rates":{"Pc1yqaLd98DAAC8uQuMfrzKW3thbPELENp":8933.599999999838,"PmKacAk8rja1qWL8GV28FDT8RQocnkKN4F":295695.163333334},"donation_proportion":0,"uptime":2239244.9734740257,"my_stale_proportions_in_last_hour":{"orphan_stale":0.3333333333333333,"stale":0.3333333333333333,"dead_stale":0},"shares":{"total":9387,"orphan":1482,"dead":127},"version":"13.4-56-g38ef843","protocol_version":1300,"my_hash_rates_in_last_hour":{"note":"DEPRECATED","actual":296375.548942172,"rewarded":220635.13087917253,"nonstale":197583.69929478137},"attempts_to_share":4411634},"geo":null},"46.4.0.101":{"ip":"46.4.0.101","port":10555,"fee":0.5,"domain":["www.tbf03.de"],"stats":{"efficiency_if_miner_perfect":1.0133333333333334,"attempts_to_block":933142522,"warnings":[],"block_value":50,"miner_dead_hash_rates":{"Pn33p2JSChQNH5ePfJo2WCYob2We3NojZG":135.42833333333334},"peers":{"outgoing":5,"incoming":4},"efficiency":0.9816666666666667,"fee":0.5,"my_share_counts_in_last_hour":{"doa_stale_shares":0,"stale_shares":1,"orphan_stale_shares":1,"shares":5,"unstale_shares":4},"miner_hash_rates":{"PtzS6TYW6b79K43aTPh9KEaJP3eWTp9SDS":26291.495000000046,"Pn33p2JSChQNH5ePfJo2WCYob2We3NojZG":37507.20333333337},"donation_proportion":0,"uptime":67879.49701189995,"my_stale_proportions_in_last_hour":{"orphan_stale":0.2,"stale":0.2,"dead_stale":0},"shares":{"total":35,"orphan":3,"dead":1},"version":"38ef843","protocol_version":1300,"my_hash_rates_in_last_hour":{"note":"DEPRECATED","actual":92997.3915834522,"rewarded":82457.6872039943,"nonstale":74397.91326676177},"attempts_to_share":4443512},"geo":null},"162.217.250.224":{"ip":"162.217.250.224","port":11555,"fee":0,"stats":{"efficiency_if_miner_perfect":1.031533254384842,"attempts_to_block":933142522,"warnings":[],"block_value":50,"miner_dead_hash_rates":{"PY4Vmu5ytq4LyC73g2TS8p1Y6kz4YRe7Be":4387.058333333333,"PfSu6fkrZzMZVuQaCcZzMd2peLSSaJQz8k":10679.401666666667},"peers":{"outgoing":2,"incoming":7},"efficiency":1.018762802458072,"fee":0,"my_share_counts_in_last_hour":{"doa_stale_shares":0,"stale_shares":1,"orphan_stale_shares":1,"shares":27,"unstale_shares":26},"miner_hash_rates":{"PfZrBUwnVm9Fz3ZLnbTzbqXKa2wtFqzBfc":115037.12333333334,"PfSu6fkrZzMZVuQaCcZzMd2peLSSaJQz8k":791125.370000001,"PY4Vmu5ytq4LyC73g2TS8p1Y6kz4YRe7Be":56857.78166666668},"donation_proportion":0.01,"uptime":2162885.2282931805,"my_stale_proportions_in_last_hour":{"orphan_stale":0.037037037037037035,"stale":0.037037037037037035,"dead_stale":0},"shares":{"total":31244,"orphan":2165,"dead":360},"version":"13.4-54-gb19bc3c-dirty","protocol_version":1300,"my_hash_rates_in_last_hour":{"note":"DEPRECATED","actual":1086866.8899408283,"rewarded":1159995.588091168,"nonstale":1046612.5606837607},"attempts_to_share":4468360},"geo":null},"115.28.24.213":{"ip":"115.28.24.213","port":10555,"fee":0,"stats":{"efficiency_if_miner_perfect":0.9100414691943128,"attempts_to_block":933142522,"warnings":[],"block_value":50,"miner_dead_hash_rates":{},"peers":{"outgoing":6,"incoming":3},"efficiency":0.8883738151658768,"fee":0,"my_share_counts_in_last_hour":{"doa_stale_shares":0,"stale_shares":0,"orphan_stale_shares":0,"shares":0,"unstale_shares":0},"miner_hash_rates":{},"donation_proportion":0.01,"uptime":2186529.866652012,"my_stale_proportions_in_last_hour":{"orphan_stale":null,"stale":null,"dead_stale":null},"shares":{"total":1688,"orphan":302,"dead":33},"version":"13.4-56-g38ef843","protocol_version":1300,"my_hash_rates_in_last_hour":{"note":"DEPRECATED","actual":0,"rewarded":0,"nonstale":0},"attempts_to_share":4468306},"geo":null},"31.220.27.140":{"ip":"31.220.27.140","port":11555,"fee":0,"stats":{"efficiency_if_miner_perfect":0.9802514434307374,"attempts_to_block":933142522,"warnings":[],"block_value":50,"miner_dead_hash_rates":{"PdeLWXFgBDV7bxoSyvUQo9SL3WHs1vSCh2":2804.806666666667,"PZxLyMD11CNnzkPqWQD5RjjWF9etA2a58r":16540.38333333333},"peers":{"outgoing":5,"incoming":4},"efficiency":0.9565841376878664,"fee":0,"my_share_counts_in_last_hour":{"doa_stale_shares":0,"stale_shares":2,"orphan_stale_shares":2,"shares":37,"unstale_shares":35},"miner_hash_rates":{"PY4Vmu5ytq4LyC73g2TS8p1Y6kz4YRe7Be":42098.08666666667,"PdeLWXFgBDV7bxoSyvUQo9SL3WHs1vSCh2":84891.06666666671,"PfSu6fkrZzMZVuQaCcZzMd2peLSSaJQz8k":49254.66833333335,"PZxLyMD11CNnzkPqWQD5RjjWF9etA2a58r":1420689.4199999943},"donation_proportion":0.01,"uptime":2162483.249974966,"my_stale_proportions_in_last_hour":{"orphan_stale":0.05405405405405406,"stale":0.05405405405405406,"dead_stale":0},"shares":{"total":15126,"orphan":1748,"dead":323},"version":"13.4-54-gb19bc3c-dirty","protocol_version":1300,"my_hash_rates_in_last_hour":{"note":"DEPRECATED","actual":1446001.280300752,"rewarded":1516021.6125675677,"nonstale":1367839.0489331437},"attempts_to_share":4468306},"geo":null}}